ID,File_path,bbox_x1,bbox_y1,bbox_x2,bbox_y2
1,M:/train/1.pickle,85.0,67.0,180.0,185.0
2,M:/train/2.pickle,56.0,41.0,137.0,131.0
3,M:/train/3.pickle,90.0,25.0,153.0,83.0
4,M:/train/4.pickle,58.0,63.0,148.0,152.0
5,M:/train/5.pickle,70.0,91.0,139.0,165.0
6,M:/train/6.pickle,58.0,63.0,139.0,146.0
7,M:/train/7.pickle,119.0,113.0,186.0,193.0
8,M:/train/8.pickle,,,,
9,M:/train/9.pickle,,,,
10,M:/train/10.pickle,,,,
11,M:/train/11.pickle,,,,
12,M:/train/12.pickle,,,,
13,M:/train/13.pickle,,,,
14,M:/train/14.pickle,,,,
15,M:/train/15.pickle,,,,
16,M:/train/16.pickle,,,,
17,M:/train/17.pickle,,,,
18,M:/train/18.pickle,,,,
19,M:/train/19.pickle,,,,
20,M:/train/20.pickle,,,,
21,M:/train/21.pickle,,,,
22,M:/train/22.pickle,,,,
23,M:/train/23.pickle,,,,
24,M:/train/24.pickle,,,,
25,M:/train/25.pickle,,,,
26,M:/train/26.pickle,,,,
27,M:/train/27.pickle,,,,
28,M:/train/28.pickle,,,,
29,M:/train/29.pickle,,,,
30,M:/train/30.pickle,,,,
31,M:/train/31.pickle,,,,
32,M:/train/32.pickle,,,,
33,M:/train/33.pickle,,,,
34,M:/train/34.pickle,,,,
35,M:/train/35.pickle,,,,
36,M:/train/36.pickle,,,,
37,M:/train/37.pickle,,,,
38,M:/train/38.pickle,,,,
39,M:/train/39.pickle,,,,
40,M:/train/40.pickle,,,,
41,M:/train/41.pickle,,,,
42,M:/train/42.pickle,,,,
43,M:/train/43.pickle,,,,
44,M:/train/44.pickle,,,,
45,M:/train/45.pickle,,,,
46,M:/train/46.pickle,,,,
47,M:/train/47.pickle,,,,
48,M:/train/48.pickle,,,,
49,M:/train/49.pickle,,,,
50,M:/train/50.pickle,,,,
51,M:/train/51.pickle,,,,
52,M:/train/52.pickle,,,,
53,M:/train/53.pickle,,,,
54,M:/train/54.pickle,,,,
55,M:/train/55.pickle,,,,
56,M:/train/56.pickle,,,,
57,M:/train/57.pickle,,,,
58,M:/train/58.pickle,,,,
59,M:/train/59.pickle,,,,
60,M:/train/60.pickle,,,,
61,M:/train/61.pickle,,,,
62,M:/train/62.pickle,,,,
63,M:/train/63.pickle,,,,
64,M:/train/64.pickle,,,,
65,M:/train/65.pickle,,,,
66,M:/train/66.pickle,,,,
67,M:/train/67.pickle,,,,
68,M:/train/68.pickle,,,,
69,M:/train/69.pickle,,,,
70,M:/train/70.pickle,,,,
71,M:/train/71.pickle,,,,
72,M:/train/72.pickle,,,,
73,M:/train/73.pickle,,,,
74,M:/train/74.pickle,,,,
75,M:/train/75.pickle,,,,
76,M:/train/76.pickle,,,,
77,M:/train/77.pickle,,,,
78,M:/train/78.pickle,,,,
79,M:/train/79.pickle,,,,
80,M:/train/80.pickle,,,,
81,M:/train/81.pickle,,,,
82,M:/train/82.pickle,,,,
83,M:/train/83.pickle,,,,
84,M:/train/84.pickle,,,,
85,M:/train/85.pickle,,,,
86,M:/train/86.pickle,,,,
87,M:/train/87.pickle,,,,
88,M:/train/88.pickle,,,,
89,M:/train/89.pickle,,,,
90,M:/train/90.pickle,,,,
91,M:/train/91.pickle,,,,
92,M:/train/92.pickle,,,,
93,M:/train/93.pickle,,,,
94,M:/train/94.pickle,,,,
95,M:/train/95.pickle,,,,
96,M:/train/96.pickle,,,,
97,M:/train/97.pickle,,,,
98,M:/train/98.pickle,,,,
99,M:/train/99.pickle,,,,
100,M:/train/100.pickle,,,,
101,M:/train/101.pickle,,,,
102,M:/train/102.pickle,,,,
103,M:/train/103.pickle,,,,
104,M:/train/104.pickle,,,,
105,M:/train/105.pickle,,,,
106,M:/train/106.pickle,,,,
107,M:/train/107.pickle,,,,
108,M:/train/108.pickle,,,,
109,M:/train/109.pickle,,,,
110,M:/train/110.pickle,,,,
111,M:/train/111.pickle,,,,
112,M:/train/112.pickle,,,,
113,M:/train/113.pickle,,,,
114,M:/train/114.pickle,,,,
115,M:/train/115.pickle,,,,
116,M:/train/116.pickle,,,,
117,M:/train/117.pickle,,,,
118,M:/train/118.pickle,,,,
119,M:/train/119.pickle,,,,
120,M:/train/120.pickle,,,,
121,M:/train/121.pickle,,,,
122,M:/train/122.pickle,,,,
123,M:/train/123.pickle,,,,
124,M:/train/124.pickle,,,,
125,M:/train/125.pickle,,,,
126,M:/train/126.pickle,,,,
127,M:/train/127.pickle,,,,
128,M:/train/128.pickle,,,,
129,M:/train/129.pickle,,,,
130,M:/train/130.pickle,,,,
131,M:/train/131.pickle,,,,
132,M:/train/132.pickle,,,,
133,M:/train/133.pickle,,,,
134,M:/train/134.pickle,,,,
135,M:/train/135.pickle,,,,
136,M:/train/136.pickle,,,,
137,M:/train/137.pickle,,,,
138,M:/train/138.pickle,,,,
139,M:/train/139.pickle,,,,
140,M:/train/140.pickle,,,,
141,M:/train/141.pickle,,,,
142,M:/train/142.pickle,,,,
143,M:/train/143.pickle,,,,
144,M:/train/144.pickle,,,,
145,M:/train/145.pickle,,,,
146,M:/train/146.pickle,,,,
147,M:/train/147.pickle,,,,
148,M:/train/148.pickle,,,,
149,M:/train/149.pickle,,,,
150,M:/train/150.pickle,,,,
151,M:/train/151.pickle,,,,
152,M:/train/152.pickle,,,,
153,M:/train/153.pickle,,,,
154,M:/train/154.pickle,,,,
155,M:/train/155.pickle,,,,
156,M:/train/156.pickle,,,,
157,M:/train/157.pickle,,,,
158,M:/train/158.pickle,,,,
159,M:/train/159.pickle,,,,
160,M:/train/160.pickle,,,,
161,M:/train/161.pickle,,,,
162,M:/train/162.pickle,,,,
163,M:/train/163.pickle,,,,
164,M:/train/164.pickle,,,,
165,M:/train/165.pickle,,,,
166,M:/train/166.pickle,,,,
167,M:/train/167.pickle,,,,
168,M:/train/168.pickle,,,,
169,M:/train/169.pickle,,,,
170,M:/train/170.pickle,,,,
171,M:/train/171.pickle,,,,
172,M:/train/172.pickle,,,,
173,M:/train/173.pickle,,,,
174,M:/train/174.pickle,,,,
175,M:/train/175.pickle,,,,
176,M:/train/176.pickle,,,,
177,M:/train/177.pickle,,,,
178,M:/train/178.pickle,,,,
179,M:/train/179.pickle,,,,
180,M:/train/180.pickle,,,,
181,M:/train/181.pickle,,,,
182,M:/train/182.pickle,,,,
183,M:/train/183.pickle,,,,
184,M:/train/184.pickle,,,,
185,M:/train/185.pickle,,,,
186,M:/train/186.pickle,,,,
187,M:/train/187.pickle,,,,
188,M:/train/188.pickle,,,,
189,M:/train/189.pickle,,,,
190,M:/train/190.pickle,,,,
191,M:/train/191.pickle,,,,
192,M:/train/192.pickle,,,,
193,M:/train/193.pickle,,,,
194,M:/train/194.pickle,,,,
195,M:/train/195.pickle,,,,
196,M:/train/196.pickle,,,,
197,M:/train/197.pickle,,,,
198,M:/train/198.pickle,,,,
199,M:/train/199.pickle,,,,
200,M:/train/200.pickle,,,,
201,M:/train/201.pickle,,,,
202,M:/train/202.pickle,,,,
203,M:/train/203.pickle,,,,
204,M:/train/204.pickle,,,,
205,M:/train/205.pickle,,,,
206,M:/train/206.pickle,,,,
207,M:/train/207.pickle,,,,
208,M:/train/208.pickle,,,,
209,M:/train/209.pickle,,,,
210,M:/train/210.pickle,,,,
211,M:/train/211.pickle,,,,
212,M:/train/212.pickle,,,,
213,M:/train/213.pickle,,,,
214,M:/train/214.pickle,,,,
215,M:/train/215.pickle,,,,
216,M:/train/216.pickle,,,,
217,M:/train/217.pickle,,,,
218,M:/train/218.pickle,,,,
219,M:/train/219.pickle,,,,
220,M:/train/220.pickle,,,,
221,M:/train/221.pickle,,,,
222,M:/train/222.pickle,,,,
223,M:/train/223.pickle,,,,
224,M:/train/224.pickle,,,,
225,M:/train/225.pickle,,,,
226,M:/train/226.pickle,,,,
227,M:/train/227.pickle,,,,
228,M:/train/228.pickle,,,,
229,M:/train/229.pickle,,,,
230,M:/train/230.pickle,,,,
231,M:/train/231.pickle,,,,
232,M:/train/232.pickle,,,,
233,M:/train/233.pickle,,,,
234,M:/train/234.pickle,,,,
235,M:/train/235.pickle,,,,
236,M:/train/236.pickle,,,,
237,M:/train/237.pickle,,,,
238,M:/train/238.pickle,,,,
239,M:/train/239.pickle,,,,
240,M:/train/240.pickle,,,,
241,M:/train/241.pickle,,,,
242,M:/train/242.pickle,,,,
243,M:/train/243.pickle,,,,
244,M:/train/244.pickle,,,,
245,M:/train/245.pickle,,,,
246,M:/train/246.pickle,,,,
247,M:/train/247.pickle,,,,
248,M:/train/248.pickle,,,,
249,M:/train/249.pickle,,,,
250,M:/train/250.pickle,,,,
251,M:/train/251.pickle,,,,
252,M:/train/252.pickle,,,,
253,M:/train/253.pickle,,,,
254,M:/train/254.pickle,,,,
255,M:/train/255.pickle,,,,
256,M:/train/256.pickle,,,,
257,M:/train/257.pickle,,,,
258,M:/train/258.pickle,,,,
259,M:/train/259.pickle,,,,
260,M:/train/260.pickle,,,,
261,M:/train/261.pickle,,,,
262,M:/train/262.pickle,,,,
263,M:/train/263.pickle,,,,
264,M:/train/264.pickle,,,,
265,M:/train/265.pickle,,,,
266,M:/train/266.pickle,,,,
267,M:/train/267.pickle,,,,
268,M:/train/268.pickle,,,,
269,M:/train/269.pickle,,,,
270,M:/train/270.pickle,,,,
271,M:/train/271.pickle,,,,
272,M:/train/272.pickle,,,,
273,M:/train/273.pickle,,,,
274,M:/train/274.pickle,,,,
275,M:/train/275.pickle,,,,
276,M:/train/276.pickle,,,,
277,M:/train/277.pickle,,,,
278,M:/train/278.pickle,,,,
279,M:/train/279.pickle,,,,
280,M:/train/280.pickle,,,,
281,M:/train/281.pickle,,,,
282,M:/train/282.pickle,,,,
283,M:/train/283.pickle,,,,
284,M:/train/284.pickle,,,,
285,M:/train/285.pickle,,,,
286,M:/train/286.pickle,,,,
287,M:/train/287.pickle,,,,
288,M:/train/288.pickle,,,,
289,M:/train/289.pickle,,,,
290,M:/train/290.pickle,,,,
291,M:/train/291.pickle,,,,
292,M:/train/292.pickle,,,,
293,M:/train/293.pickle,,,,
294,M:/train/294.pickle,,,,
295,M:/train/295.pickle,,,,
296,M:/train/296.pickle,,,,
297,M:/train/297.pickle,,,,
298,M:/train/298.pickle,,,,
299,M:/train/299.pickle,,,,
300,M:/train/300.pickle,,,,
301,M:/train/301.pickle,,,,
302,M:/train/302.pickle,,,,
303,M:/train/303.pickle,,,,
304,M:/train/304.pickle,,,,
305,M:/train/305.pickle,,,,
306,M:/train/306.pickle,,,,
307,M:/train/307.pickle,,,,
308,M:/train/308.pickle,,,,
309,M:/train/309.pickle,,,,
310,M:/train/310.pickle,,,,
311,M:/train/311.pickle,,,,
312,M:/train/312.pickle,,,,
313,M:/train/313.pickle,,,,
314,M:/train/314.pickle,,,,
315,M:/train/315.pickle,,,,
316,M:/train/316.pickle,,,,
317,M:/train/317.pickle,,,,
318,M:/train/318.pickle,,,,
319,M:/train/319.pickle,,,,
320,M:/train/320.pickle,,,,
321,M:/train/321.pickle,,,,
322,M:/train/322.pickle,,,,
323,M:/train/323.pickle,,,,
324,M:/train/324.pickle,,,,
325,M:/train/325.pickle,,,,
326,M:/train/326.pickle,,,,
327,M:/train/327.pickle,,,,
328,M:/train/328.pickle,,,,
329,M:/train/329.pickle,,,,
330,M:/train/330.pickle,,,,
331,M:/train/331.pickle,,,,
332,M:/train/332.pickle,,,,
333,M:/train/333.pickle,,,,
334,M:/train/334.pickle,,,,
335,M:/train/335.pickle,,,,
336,M:/train/336.pickle,,,,
337,M:/train/337.pickle,,,,
338,M:/train/338.pickle,,,,
339,M:/train/339.pickle,,,,
340,M:/train/340.pickle,,,,
341,M:/train/341.pickle,,,,
342,M:/train/342.pickle,,,,
343,M:/train/343.pickle,,,,
344,M:/train/344.pickle,,,,
345,M:/train/345.pickle,,,,
346,M:/train/346.pickle,,,,
347,M:/train/347.pickle,,,,
348,M:/train/348.pickle,,,,
349,M:/train/349.pickle,,,,
350,M:/train/350.pickle,,,,
351,M:/train/351.pickle,,,,
352,M:/train/352.pickle,,,,
353,M:/train/353.pickle,,,,
354,M:/train/354.pickle,,,,
355,M:/train/355.pickle,,,,
356,M:/train/356.pickle,,,,
357,M:/train/357.pickle,,,,
358,M:/train/358.pickle,,,,
359,M:/train/359.pickle,,,,
360,M:/train/360.pickle,,,,
361,M:/train/361.pickle,,,,
362,M:/train/362.pickle,,,,
363,M:/train/363.pickle,,,,
364,M:/train/364.pickle,,,,
365,M:/train/365.pickle,,,,
366,M:/train/366.pickle,,,,
367,M:/train/367.pickle,,,,
368,M:/train/368.pickle,,,,
369,M:/train/369.pickle,,,,
370,M:/train/370.pickle,,,,
371,M:/train/371.pickle,,,,
372,M:/train/372.pickle,,,,
373,M:/train/373.pickle,,,,
374,M:/train/374.pickle,,,,
375,M:/train/375.pickle,,,,
376,M:/train/376.pickle,,,,
377,M:/train/377.pickle,,,,
378,M:/train/378.pickle,,,,
379,M:/train/379.pickle,,,,
380,M:/train/380.pickle,,,,
381,M:/train/381.pickle,,,,
382,M:/train/382.pickle,,,,
383,M:/train/383.pickle,,,,
384,M:/train/384.pickle,,,,
385,M:/train/385.pickle,,,,
386,M:/train/386.pickle,,,,
387,M:/train/387.pickle,,,,
388,M:/train/388.pickle,,,,
389,M:/train/389.pickle,,,,
390,M:/train/390.pickle,,,,
391,M:/train/391.pickle,,,,
392,M:/train/392.pickle,,,,
393,M:/train/393.pickle,,,,
394,M:/train/394.pickle,,,,
395,M:/train/395.pickle,,,,
396,M:/train/396.pickle,,,,
397,M:/train/397.pickle,,,,
398,M:/train/398.pickle,,,,
399,M:/train/399.pickle,,,,
400,M:/train/400.pickle,,,,
401,M:/train/401.pickle,,,,
402,M:/train/402.pickle,,,,
403,M:/train/403.pickle,,,,
404,M:/train/404.pickle,,,,
405,M:/train/405.pickle,,,,
406,M:/train/406.pickle,,,,
407,M:/train/407.pickle,,,,
408,M:/train/408.pickle,,,,
409,M:/train/409.pickle,,,,
410,M:/train/410.pickle,,,,
411,M:/train/411.pickle,,,,
412,M:/train/412.pickle,,,,
413,M:/train/413.pickle,,,,
414,M:/train/414.pickle,,,,
415,M:/train/415.pickle,,,,
416,M:/train/416.pickle,,,,
417,M:/train/417.pickle,,,,
418,M:/train/418.pickle,,,,
419,M:/train/419.pickle,,,,
420,M:/train/420.pickle,,,,
421,M:/train/421.pickle,,,,
422,M:/train/422.pickle,,,,
423,M:/train/423.pickle,,,,
424,M:/train/424.pickle,,,,
425,M:/train/425.pickle,,,,
426,M:/train/426.pickle,,,,
427,M:/train/427.pickle,,,,
428,M:/train/428.pickle,,,,
429,M:/train/429.pickle,,,,
430,M:/train/430.pickle,,,,
431,M:/train/431.pickle,,,,
432,M:/train/432.pickle,,,,
433,M:/train/433.pickle,,,,
434,M:/train/434.pickle,,,,
435,M:/train/435.pickle,,,,
436,M:/train/436.pickle,,,,
437,M:/train/437.pickle,,,,
438,M:/train/438.pickle,,,,
439,M:/train/439.pickle,,,,
440,M:/train/440.pickle,,,,
441,M:/train/441.pickle,,,,
442,M:/train/442.pickle,,,,
443,M:/train/443.pickle,,,,
444,M:/train/444.pickle,,,,
445,M:/train/445.pickle,,,,
446,M:/train/446.pickle,,,,
447,M:/train/447.pickle,,,,
448,M:/train/448.pickle,,,,
449,M:/train/449.pickle,,,,
450,M:/train/450.pickle,,,,
451,M:/train/451.pickle,,,,
452,M:/train/452.pickle,,,,
453,M:/train/453.pickle,,,,
454,M:/train/454.pickle,,,,
455,M:/train/455.pickle,,,,
456,M:/train/456.pickle,,,,
457,M:/train/457.pickle,,,,
458,M:/train/458.pickle,,,,
459,M:/train/459.pickle,,,,
460,M:/train/460.pickle,,,,
461,M:/train/461.pickle,,,,
462,M:/train/462.pickle,,,,
463,M:/train/463.pickle,,,,
464,M:/train/464.pickle,,,,
465,M:/train/465.pickle,,,,
466,M:/train/466.pickle,,,,
467,M:/train/467.pickle,,,,
468,M:/train/468.pickle,,,,
469,M:/train/469.pickle,,,,
470,M:/train/470.pickle,,,,
471,M:/train/471.pickle,,,,
472,M:/train/472.pickle,,,,
473,M:/train/473.pickle,,,,
474,M:/train/474.pickle,,,,
475,M:/train/475.pickle,,,,
476,M:/train/476.pickle,,,,
477,M:/train/477.pickle,,,,
478,M:/train/478.pickle,,,,
479,M:/train/479.pickle,,,,
480,M:/train/480.pickle,,,,
481,M:/train/481.pickle,,,,
482,M:/train/482.pickle,,,,
483,M:/train/483.pickle,,,,
484,M:/train/484.pickle,,,,
485,M:/train/485.pickle,,,,
486,M:/train/486.pickle,,,,
487,M:/train/487.pickle,,,,
488,M:/train/488.pickle,,,,
489,M:/train/489.pickle,,,,
490,M:/train/490.pickle,,,,
491,M:/train/491.pickle,,,,
492,M:/train/492.pickle,,,,
493,M:/train/493.pickle,,,,
494,M:/train/494.pickle,,,,
495,M:/train/495.pickle,,,,
496,M:/train/496.pickle,,,,
497,M:/train/497.pickle,,,,
498,M:/train/498.pickle,,,,
499,M:/train/499.pickle,,,,
500,M:/train/500.pickle,,,,
501,M:/train/501.pickle,,,,
502,M:/train/502.pickle,,,,
503,M:/train/503.pickle,,,,
504,M:/train/504.pickle,,,,
505,M:/train/505.pickle,,,,
506,M:/train/506.pickle,,,,
507,M:/train/507.pickle,,,,
508,M:/train/508.pickle,,,,
509,M:/train/509.pickle,,,,
510,M:/train/510.pickle,,,,
511,M:/train/511.pickle,,,,
512,M:/train/512.pickle,,,,
513,M:/train/513.pickle,,,,
514,M:/train/514.pickle,,,,
515,M:/train/515.pickle,,,,
516,M:/train/516.pickle,,,,
517,M:/train/517.pickle,,,,
518,M:/train/518.pickle,,,,
519,M:/train/519.pickle,,,,
520,M:/train/520.pickle,,,,
521,M:/train/521.pickle,,,,
522,M:/train/522.pickle,,,,
523,M:/train/523.pickle,,,,
524,M:/train/524.pickle,,,,
525,M:/train/525.pickle,,,,
526,M:/train/526.pickle,,,,
527,M:/train/527.pickle,,,,
528,M:/train/528.pickle,,,,
529,M:/train/529.pickle,,,,
530,M:/train/530.pickle,,,,
531,M:/train/531.pickle,,,,
532,M:/train/532.pickle,,,,
533,M:/train/533.pickle,,,,
534,M:/train/534.pickle,,,,
535,M:/train/535.pickle,,,,
536,M:/train/536.pickle,,,,
537,M:/train/537.pickle,,,,
538,M:/train/538.pickle,,,,
539,M:/train/539.pickle,,,,
540,M:/train/540.pickle,,,,
541,M:/train/541.pickle,,,,
542,M:/train/542.pickle,,,,
543,M:/train/543.pickle,,,,
544,M:/train/544.pickle,,,,
545,M:/train/545.pickle,,,,
546,M:/train/546.pickle,,,,
547,M:/train/547.pickle,,,,
548,M:/train/548.pickle,,,,
549,M:/train/549.pickle,,,,
550,M:/train/550.pickle,,,,
551,M:/train/551.pickle,,,,
552,M:/train/552.pickle,,,,
553,M:/train/553.pickle,,,,
554,M:/train/554.pickle,,,,
555,M:/train/555.pickle,,,,
556,M:/train/556.pickle,,,,
557,M:/train/557.pickle,,,,
558,M:/train/558.pickle,,,,
559,M:/train/559.pickle,,,,
560,M:/train/560.pickle,,,,
561,M:/train/561.pickle,,,,
562,M:/train/562.pickle,,,,
563,M:/train/563.pickle,,,,
564,M:/train/564.pickle,,,,
565,M:/train/565.pickle,,,,
566,M:/train/566.pickle,,,,
567,M:/train/567.pickle,,,,
568,M:/train/568.pickle,,,,
569,M:/train/569.pickle,,,,
570,M:/train/570.pickle,,,,
571,M:/train/571.pickle,,,,
572,M:/train/572.pickle,,,,
573,M:/train/573.pickle,,,,
574,M:/train/574.pickle,,,,
575,M:/train/575.pickle,,,,
576,M:/train/576.pickle,,,,
577,M:/train/577.pickle,,,,
578,M:/train/578.pickle,,,,
579,M:/train/579.pickle,,,,
580,M:/train/580.pickle,,,,
581,M:/train/581.pickle,,,,
582,M:/train/582.pickle,,,,
583,M:/train/583.pickle,,,,
584,M:/train/584.pickle,,,,
585,M:/train/585.pickle,,,,
586,M:/train/586.pickle,,,,
587,M:/train/587.pickle,,,,
588,M:/train/588.pickle,,,,
589,M:/train/589.pickle,,,,
590,M:/train/590.pickle,,,,
591,M:/train/591.pickle,,,,
592,M:/train/592.pickle,,,,
593,M:/train/593.pickle,,,,
594,M:/train/594.pickle,,,,
595,M:/train/595.pickle,,,,
596,M:/train/596.pickle,,,,
597,M:/train/597.pickle,,,,
598,M:/train/598.pickle,,,,
599,M:/train/599.pickle,,,,
600,M:/train/600.pickle,,,,
601,M:/train/601.pickle,,,,
602,M:/train/602.pickle,,,,
603,M:/train/603.pickle,,,,
604,M:/train/604.pickle,,,,
605,M:/train/605.pickle,,,,
606,M:/train/606.pickle,,,,
607,M:/train/607.pickle,,,,
608,M:/train/608.pickle,,,,
609,M:/train/609.pickle,,,,
610,M:/train/610.pickle,,,,
611,M:/train/611.pickle,,,,
612,M:/train/612.pickle,,,,
613,M:/train/613.pickle,,,,
614,M:/train/614.pickle,,,,
615,M:/train/615.pickle,,,,
616,M:/train/616.pickle,,,,
617,M:/train/617.pickle,,,,
618,M:/train/618.pickle,,,,
619,M:/train/619.pickle,,,,
620,M:/train/620.pickle,,,,
621,M:/train/621.pickle,,,,
622,M:/train/622.pickle,,,,
623,M:/train/623.pickle,,,,
624,M:/train/624.pickle,,,,
625,M:/train/625.pickle,,,,
626,M:/train/626.pickle,,,,
627,M:/train/627.pickle,,,,
628,M:/train/628.pickle,,,,
629,M:/train/629.pickle,,,,
630,M:/train/630.pickle,,,,
631,M:/train/631.pickle,,,,
632,M:/train/632.pickle,,,,
633,M:/train/633.pickle,,,,
634,M:/train/634.pickle,,,,
635,M:/train/635.pickle,,,,
636,M:/train/636.pickle,,,,
637,M:/train/637.pickle,,,,
638,M:/train/638.pickle,,,,
639,M:/train/639.pickle,,,,
640,M:/train/640.pickle,,,,
641,M:/train/641.pickle,,,,
642,M:/train/642.pickle,,,,
643,M:/train/643.pickle,,,,
644,M:/train/644.pickle,,,,
645,M:/train/645.pickle,,,,
646,M:/train/646.pickle,,,,
647,M:/train/647.pickle,,,,
648,M:/train/648.pickle,,,,
649,M:/train/649.pickle,,,,
650,M:/train/650.pickle,,,,
651,M:/train/651.pickle,,,,
652,M:/train/652.pickle,,,,
653,M:/train/653.pickle,,,,
654,M:/train/654.pickle,,,,
655,M:/train/655.pickle,,,,
656,M:/train/656.pickle,,,,
657,M:/train/657.pickle,,,,
658,M:/train/658.pickle,,,,
659,M:/train/659.pickle,,,,
660,M:/train/660.pickle,,,,
661,M:/train/661.pickle,,,,
662,M:/train/662.pickle,,,,
663,M:/train/663.pickle,,,,
664,M:/train/664.pickle,,,,
665,M:/train/665.pickle,,,,
666,M:/train/666.pickle,,,,
667,M:/train/667.pickle,,,,
668,M:/train/668.pickle,,,,
669,M:/train/669.pickle,,,,
670,M:/train/670.pickle,,,,
671,M:/train/671.pickle,,,,
672,M:/train/672.pickle,,,,
673,M:/train/673.pickle,,,,
674,M:/train/674.pickle,,,,
675,M:/train/675.pickle,,,,
676,M:/train/676.pickle,,,,
677,M:/train/677.pickle,,,,
678,M:/train/678.pickle,,,,
679,M:/train/679.pickle,,,,
680,M:/train/680.pickle,,,,
681,M:/train/681.pickle,,,,
682,M:/train/682.pickle,,,,
683,M:/train/683.pickle,,,,
684,M:/train/684.pickle,,,,
685,M:/train/685.pickle,,,,
686,M:/train/686.pickle,,,,
687,M:/train/687.pickle,,,,
688,M:/train/688.pickle,,,,
689,M:/train/689.pickle,,,,
690,M:/train/690.pickle,,,,
691,M:/train/691.pickle,,,,
692,M:/train/692.pickle,,,,
693,M:/train/693.pickle,,,,
694,M:/train/694.pickle,,,,
695,M:/train/695.pickle,,,,
696,M:/train/696.pickle,,,,
697,M:/train/697.pickle,,,,
698,M:/train/698.pickle,,,,
699,M:/train/699.pickle,,,,
700,M:/train/700.pickle,,,,
701,M:/train/701.pickle,,,,
702,M:/train/702.pickle,,,,
703,M:/train/703.pickle,,,,
704,M:/train/704.pickle,,,,
705,M:/train/705.pickle,,,,
706,M:/train/706.pickle,,,,
707,M:/train/707.pickle,,,,
708,M:/train/708.pickle,,,,
709,M:/train/709.pickle,,,,
710,M:/train/710.pickle,,,,
711,M:/train/711.pickle,,,,
712,M:/train/712.pickle,,,,
713,M:/train/713.pickle,,,,
714,M:/train/714.pickle,,,,
715,M:/train/715.pickle,,,,
716,M:/train/716.pickle,,,,
717,M:/train/717.pickle,,,,
718,M:/train/718.pickle,,,,
719,M:/train/719.pickle,,,,
720,M:/train/720.pickle,,,,
721,M:/train/721.pickle,,,,
722,M:/train/722.pickle,,,,
723,M:/train/723.pickle,,,,
724,M:/train/724.pickle,,,,
725,M:/train/725.pickle,,,,
726,M:/train/726.pickle,,,,
727,M:/train/727.pickle,,,,
728,M:/train/728.pickle,,,,
729,M:/train/729.pickle,,,,
730,M:/train/730.pickle,,,,
731,M:/train/731.pickle,,,,
732,M:/train/732.pickle,,,,
733,M:/train/733.pickle,,,,
734,M:/train/734.pickle,,,,
735,M:/train/735.pickle,,,,
736,M:/train/736.pickle,,,,
737,M:/train/737.pickle,,,,
738,M:/train/738.pickle,,,,
739,M:/train/739.pickle,,,,
740,M:/train/740.pickle,,,,
741,M:/train/741.pickle,,,,
742,M:/train/742.pickle,,,,
743,M:/train/743.pickle,,,,
744,M:/train/744.pickle,,,,
745,M:/train/745.pickle,,,,
746,M:/train/746.pickle,,,,
747,M:/train/747.pickle,,,,
748,M:/train/748.pickle,,,,
749,M:/train/749.pickle,,,,
750,M:/train/750.pickle,,,,
751,M:/train/751.pickle,,,,
752,M:/train/752.pickle,,,,
753,M:/train/753.pickle,,,,
754,M:/train/754.pickle,,,,
755,M:/train/755.pickle,,,,
756,M:/train/756.pickle,,,,
757,M:/train/757.pickle,,,,
758,M:/train/758.pickle,,,,
759,M:/train/759.pickle,,,,
760,M:/train/760.pickle,,,,
761,M:/train/761.pickle,,,,
762,M:/train/762.pickle,,,,
763,M:/train/763.pickle,,,,
764,M:/train/764.pickle,,,,
765,M:/train/765.pickle,,,,
766,M:/train/766.pickle,,,,
767,M:/train/767.pickle,,,,
768,M:/train/768.pickle,,,,
769,M:/train/769.pickle,,,,
770,M:/train/770.pickle,,,,
771,M:/train/771.pickle,,,,
772,M:/train/772.pickle,,,,
773,M:/train/773.pickle,,,,
774,M:/train/774.pickle,,,,
775,M:/train/775.pickle,,,,
776,M:/train/776.pickle,,,,
777,M:/train/777.pickle,,,,
778,M:/train/778.pickle,,,,
779,M:/train/779.pickle,,,,
780,M:/train/780.pickle,,,,
781,M:/train/781.pickle,,,,
782,M:/train/782.pickle,,,,
783,M:/train/783.pickle,,,,
784,M:/train/784.pickle,,,,
785,M:/train/785.pickle,,,,
786,M:/train/786.pickle,,,,
787,M:/train/787.pickle,,,,
788,M:/train/788.pickle,,,,
789,M:/train/789.pickle,,,,
790,M:/train/790.pickle,,,,
791,M:/train/791.pickle,,,,
792,M:/train/792.pickle,,,,
793,M:/train/793.pickle,,,,
794,M:/train/794.pickle,,,,
795,M:/train/795.pickle,,,,
796,M:/train/796.pickle,,,,
797,M:/train/797.pickle,,,,
798,M:/train/798.pickle,,,,
799,M:/train/799.pickle,,,,
800,M:/train/800.pickle,,,,
801,M:/train/801.pickle,,,,
802,M:/train/802.pickle,,,,
803,M:/train/803.pickle,,,,
804,M:/train/804.pickle,,,,
805,M:/train/805.pickle,,,,
806,M:/train/806.pickle,,,,
807,M:/train/807.pickle,,,,
808,M:/train/808.pickle,,,,
809,M:/train/809.pickle,,,,
810,M:/train/810.pickle,,,,
811,M:/train/811.pickle,,,,
812,M:/train/812.pickle,,,,
813,M:/train/813.pickle,,,,
814,M:/train/814.pickle,,,,
815,M:/train/815.pickle,,,,
816,M:/train/816.pickle,,,,
817,M:/train/817.pickle,,,,
818,M:/train/818.pickle,,,,
819,M:/train/819.pickle,,,,
820,M:/train/820.pickle,,,,
821,M:/train/821.pickle,,,,
822,M:/train/822.pickle,,,,
823,M:/train/823.pickle,,,,
824,M:/train/824.pickle,,,,
825,M:/train/825.pickle,,,,
826,M:/train/826.pickle,,,,
827,M:/train/827.pickle,,,,
828,M:/train/828.pickle,,,,
829,M:/train/829.pickle,,,,
830,M:/train/830.pickle,,,,
831,M:/train/831.pickle,,,,
832,M:/train/832.pickle,,,,
833,M:/train/833.pickle,,,,
834,M:/train/834.pickle,,,,
835,M:/train/835.pickle,,,,
836,M:/train/836.pickle,,,,
837,M:/train/837.pickle,,,,
838,M:/train/838.pickle,,,,
839,M:/train/839.pickle,,,,
840,M:/train/840.pickle,,,,
841,M:/train/841.pickle,,,,
842,M:/train/842.pickle,,,,
843,M:/train/843.pickle,,,,
844,M:/train/844.pickle,,,,
845,M:/train/845.pickle,,,,
846,M:/train/846.pickle,,,,
847,M:/train/847.pickle,,,,
848,M:/train/848.pickle,,,,
849,M:/train/849.pickle,,,,
850,M:/train/850.pickle,,,,
851,M:/train/851.pickle,,,,
852,M:/train/852.pickle,,,,
853,M:/train/853.pickle,,,,
854,M:/train/854.pickle,,,,
855,M:/train/855.pickle,,,,
856,M:/train/856.pickle,,,,
857,M:/train/857.pickle,,,,
858,M:/train/858.pickle,,,,
859,M:/train/859.pickle,,,,
860,M:/train/860.pickle,,,,
861,M:/train/861.pickle,,,,
862,M:/train/862.pickle,,,,
863,M:/train/863.pickle,,,,
864,M:/train/864.pickle,,,,
865,M:/train/865.pickle,,,,
866,M:/train/866.pickle,,,,
867,M:/train/867.pickle,,,,
868,M:/train/868.pickle,,,,
869,M:/train/869.pickle,,,,
870,M:/train/870.pickle,,,,
871,M:/train/871.pickle,,,,
872,M:/train/872.pickle,,,,
873,M:/train/873.pickle,,,,
874,M:/train/874.pickle,,,,
875,M:/train/875.pickle,,,,
876,M:/train/876.pickle,,,,
877,M:/train/877.pickle,,,,
878,M:/train/878.pickle,,,,
879,M:/train/879.pickle,,,,
880,M:/train/880.pickle,,,,
881,M:/train/881.pickle,,,,
882,M:/train/882.pickle,,,,
883,M:/train/883.pickle,,,,
884,M:/train/884.pickle,,,,
885,M:/train/885.pickle,,,,
886,M:/train/886.pickle,,,,
887,M:/train/887.pickle,,,,
888,M:/train/888.pickle,,,,
889,M:/train/889.pickle,,,,
890,M:/train/890.pickle,,,,
891,M:/train/891.pickle,,,,
892,M:/train/892.pickle,,,,
893,M:/train/893.pickle,,,,
894,M:/train/894.pickle,,,,
895,M:/train/895.pickle,,,,
896,M:/train/896.pickle,,,,
897,M:/train/897.pickle,,,,
898,M:/train/898.pickle,,,,
899,M:/train/899.pickle,,,,
900,M:/train/900.pickle,,,,
901,M:/train/901.pickle,,,,
902,M:/train/902.pickle,,,,
903,M:/train/903.pickle,,,,
904,M:/train/904.pickle,,,,
905,M:/train/905.pickle,,,,
906,M:/train/906.pickle,,,,
907,M:/train/907.pickle,,,,
908,M:/train/908.pickle,,,,
909,M:/train/909.pickle,,,,
910,M:/train/910.pickle,,,,
911,M:/train/911.pickle,,,,
912,M:/train/912.pickle,,,,
913,M:/train/913.pickle,,,,
914,M:/train/914.pickle,,,,
915,M:/train/915.pickle,,,,
916,M:/train/916.pickle,,,,
917,M:/train/917.pickle,,,,
918,M:/train/918.pickle,,,,
919,M:/train/919.pickle,,,,
920,M:/train/920.pickle,,,,
921,M:/train/921.pickle,,,,
922,M:/train/922.pickle,,,,
923,M:/train/923.pickle,,,,
924,M:/train/924.pickle,,,,
925,M:/train/925.pickle,,,,
926,M:/train/926.pickle,,,,
927,M:/train/927.pickle,,,,
928,M:/train/928.pickle,,,,
929,M:/train/929.pickle,,,,
930,M:/train/930.pickle,,,,
931,M:/train/931.pickle,,,,
932,M:/train/932.pickle,,,,
933,M:/train/933.pickle,,,,
934,M:/train/934.pickle,,,,
935,M:/train/935.pickle,,,,
936,M:/train/936.pickle,,,,
937,M:/train/937.pickle,,,,
938,M:/train/938.pickle,,,,
939,M:/train/939.pickle,,,,
940,M:/train/940.pickle,,,,
941,M:/train/941.pickle,,,,
942,M:/train/942.pickle,,,,
943,M:/train/943.pickle,,,,
944,M:/train/944.pickle,,,,
945,M:/train/945.pickle,,,,
946,M:/train/946.pickle,,,,
947,M:/train/947.pickle,,,,
948,M:/train/948.pickle,,,,
949,M:/train/949.pickle,,,,
950,M:/train/950.pickle,,,,
951,M:/train/951.pickle,,,,
952,M:/train/952.pickle,,,,
953,M:/train/953.pickle,,,,
954,M:/train/954.pickle,,,,
955,M:/train/955.pickle,,,,
956,M:/train/956.pickle,,,,
957,M:/train/957.pickle,,,,
958,M:/train/958.pickle,,,,
959,M:/train/959.pickle,,,,
960,M:/train/960.pickle,,,,
961,M:/train/961.pickle,,,,
962,M:/train/962.pickle,,,,
963,M:/train/963.pickle,,,,
964,M:/train/964.pickle,,,,
965,M:/train/965.pickle,,,,
966,M:/train/966.pickle,,,,
967,M:/train/967.pickle,,,,
968,M:/train/968.pickle,,,,
969,M:/train/969.pickle,,,,
970,M:/train/970.pickle,,,,
971,M:/train/971.pickle,,,,
972,M:/train/972.pickle,,,,
973,M:/train/973.pickle,,,,
974,M:/train/974.pickle,,,,
975,M:/train/975.pickle,,,,
976,M:/train/976.pickle,,,,
977,M:/train/977.pickle,,,,
978,M:/train/978.pickle,,,,
979,M:/train/979.pickle,,,,
980,M:/train/980.pickle,,,,
981,M:/train/981.pickle,,,,
982,M:/train/982.pickle,,,,
983,M:/train/983.pickle,,,,
984,M:/train/984.pickle,,,,
985,M:/train/985.pickle,,,,
986,M:/train/986.pickle,,,,
987,M:/train/987.pickle,,,,
988,M:/train/988.pickle,,,,
989,M:/train/989.pickle,,,,
990,M:/train/990.pickle,,,,
991,M:/train/991.pickle,,,,
992,M:/train/992.pickle,,,,
993,M:/train/993.pickle,,,,
994,M:/train/994.pickle,,,,
995,M:/train/995.pickle,,,,
996,M:/train/996.pickle,,,,
997,M:/train/997.pickle,,,,
998,M:/train/998.pickle,,,,
999,M:/train/999.pickle,,,,
1000,M:/train/1000.pickle,,,,
1001,M:/train/1001.pickle,,,,
1002,M:/train/1002.pickle,,,,
1003,M:/train/1003.pickle,,,,
1004,M:/train/1004.pickle,,,,
1005,M:/train/1005.pickle,,,,
1006,M:/train/1006.pickle,,,,
1007,M:/train/1007.pickle,,,,
1008,M:/train/1008.pickle,,,,
1009,M:/train/1009.pickle,,,,
1010,M:/train/1010.pickle,,,,
1011,M:/train/1011.pickle,,,,
1012,M:/train/1012.pickle,,,,
1013,M:/train/1013.pickle,,,,
1014,M:/train/1014.pickle,,,,
1015,M:/train/1015.pickle,,,,
1016,M:/train/1016.pickle,,,,
1017,M:/train/1017.pickle,,,,
1018,M:/train/1018.pickle,,,,
1019,M:/train/1019.pickle,,,,
1020,M:/train/1020.pickle,,,,
1021,M:/train/1021.pickle,,,,
1022,M:/train/1022.pickle,,,,
1023,M:/train/1023.pickle,,,,
1024,M:/train/1024.pickle,,,,
1025,M:/train/1025.pickle,,,,
1026,M:/train/1026.pickle,,,,
1027,M:/train/1027.pickle,,,,
1028,M:/train/1028.pickle,,,,
1029,M:/train/1029.pickle,,,,
1030,M:/train/1030.pickle,,,,
1031,M:/train/1031.pickle,,,,
1032,M:/train/1032.pickle,,,,
1033,M:/train/1033.pickle,,,,
1034,M:/train/1034.pickle,,,,
1035,M:/train/1035.pickle,,,,
1036,M:/train/1036.pickle,,,,
1037,M:/train/1037.pickle,,,,
1038,M:/train/1038.pickle,,,,
1039,M:/train/1039.pickle,,,,
1040,M:/train/1040.pickle,,,,
1041,M:/train/1041.pickle,,,,
1042,M:/train/1042.pickle,,,,
1043,M:/train/1043.pickle,,,,
1044,M:/train/1044.pickle,,,,
1045,M:/train/1045.pickle,,,,
1046,M:/train/1046.pickle,,,,
1047,M:/train/1047.pickle,,,,
1048,M:/train/1048.pickle,,,,
1049,M:/train/1049.pickle,,,,
1050,M:/train/1050.pickle,,,,
1051,M:/train/1051.pickle,,,,
1052,M:/train/1052.pickle,,,,
1053,M:/train/1053.pickle,,,,
1054,M:/train/1054.pickle,,,,
1055,M:/train/1055.pickle,,,,
1056,M:/train/1056.pickle,,,,
1057,M:/train/1057.pickle,,,,
1058,M:/train/1058.pickle,,,,
1059,M:/train/1059.pickle,,,,
1060,M:/train/1060.pickle,,,,
1061,M:/train/1061.pickle,,,,
1062,M:/train/1062.pickle,,,,
1063,M:/train/1063.pickle,,,,
1064,M:/train/1064.pickle,,,,
1065,M:/train/1065.pickle,,,,
1066,M:/train/1066.pickle,,,,
1067,M:/train/1067.pickle,,,,
1068,M:/train/1068.pickle,,,,
1069,M:/train/1069.pickle,,,,
1070,M:/train/1070.pickle,,,,
1071,M:/train/1071.pickle,,,,
1072,M:/train/1072.pickle,,,,
1073,M:/train/1073.pickle,,,,
1074,M:/train/1074.pickle,,,,
1075,M:/train/1075.pickle,,,,
1076,M:/train/1076.pickle,,,,
1077,M:/train/1077.pickle,,,,
1078,M:/train/1078.pickle,,,,
1079,M:/train/1079.pickle,,,,
1080,M:/train/1080.pickle,,,,
1081,M:/train/1081.pickle,,,,
1082,M:/train/1082.pickle,,,,
1083,M:/train/1083.pickle,,,,
1084,M:/train/1084.pickle,,,,
1085,M:/train/1085.pickle,,,,
1086,M:/train/1086.pickle,,,,
1087,M:/train/1087.pickle,,,,
1088,M:/train/1088.pickle,,,,
1089,M:/train/1089.pickle,,,,
1090,M:/train/1090.pickle,,,,
1091,M:/train/1091.pickle,,,,
1092,M:/train/1092.pickle,,,,
1093,M:/train/1093.pickle,,,,
1094,M:/train/1094.pickle,,,,
1095,M:/train/1095.pickle,,,,
1096,M:/train/1096.pickle,,,,
1097,M:/train/1097.pickle,,,,
1098,M:/train/1098.pickle,,,,
1099,M:/train/1099.pickle,,,,
1100,M:/train/1100.pickle,,,,
1101,M:/train/1101.pickle,,,,
1102,M:/train/1102.pickle,,,,
1103,M:/train/1103.pickle,,,,
1104,M:/train/1104.pickle,,,,
1105,M:/train/1105.pickle,,,,
1106,M:/train/1106.pickle,,,,
1107,M:/train/1107.pickle,,,,
1108,M:/train/1108.pickle,,,,
1109,M:/train/1109.pickle,,,,
1110,M:/train/1110.pickle,,,,
1111,M:/train/1111.pickle,,,,
1112,M:/train/1112.pickle,,,,
1113,M:/train/1113.pickle,,,,
1114,M:/train/1114.pickle,,,,
1115,M:/train/1115.pickle,,,,
1116,M:/train/1116.pickle,,,,
1117,M:/train/1117.pickle,,,,
1118,M:/train/1118.pickle,,,,
1119,M:/train/1119.pickle,,,,
1120,M:/train/1120.pickle,,,,
1121,M:/train/1121.pickle,,,,
1122,M:/train/1122.pickle,,,,
1123,M:/train/1123.pickle,,,,
1124,M:/train/1124.pickle,,,,
1125,M:/train/1125.pickle,,,,
1126,M:/train/1126.pickle,,,,
1127,M:/train/1127.pickle,,,,
1128,M:/train/1128.pickle,,,,
1129,M:/train/1129.pickle,,,,
1130,M:/train/1130.pickle,,,,
1131,M:/train/1131.pickle,,,,
1132,M:/train/1132.pickle,,,,
1133,M:/train/1133.pickle,,,,
1134,M:/train/1134.pickle,,,,
1135,M:/train/1135.pickle,,,,
1136,M:/train/1136.pickle,,,,
1137,M:/train/1137.pickle,,,,
1138,M:/train/1138.pickle,,,,
1139,M:/train/1139.pickle,,,,
1140,M:/train/1140.pickle,,,,
1141,M:/train/1141.pickle,,,,
1142,M:/train/1142.pickle,,,,
1143,M:/train/1143.pickle,,,,
1144,M:/train/1144.pickle,,,,
1145,M:/train/1145.pickle,,,,
1146,M:/train/1146.pickle,,,,
1147,M:/train/1147.pickle,,,,
1148,M:/train/1148.pickle,,,,
1149,M:/train/1149.pickle,,,,
1150,M:/train/1150.pickle,,,,
1151,M:/train/1151.pickle,,,,
1152,M:/train/1152.pickle,,,,
1153,M:/train/1153.pickle,,,,
1154,M:/train/1154.pickle,,,,
1155,M:/train/1155.pickle,,,,
1156,M:/train/1156.pickle,,,,
1157,M:/train/1157.pickle,,,,
1158,M:/train/1158.pickle,,,,
1159,M:/train/1159.pickle,,,,
1160,M:/train/1160.pickle,,,,
1161,M:/train/1161.pickle,,,,
1162,M:/train/1162.pickle,,,,
1163,M:/train/1163.pickle,,,,
1164,M:/train/1164.pickle,,,,
1165,M:/train/1165.pickle,,,,
1166,M:/train/1166.pickle,,,,
1167,M:/train/1167.pickle,,,,
1168,M:/train/1168.pickle,,,,
1169,M:/train/1169.pickle,,,,
1170,M:/train/1170.pickle,,,,
1171,M:/train/1171.pickle,,,,
1172,M:/train/1172.pickle,,,,
1173,M:/train/1173.pickle,,,,
1174,M:/train/1174.pickle,,,,
1175,M:/train/1175.pickle,,,,
1176,M:/train/1176.pickle,,,,
1177,M:/train/1177.pickle,,,,
1178,M:/train/1178.pickle,,,,
1179,M:/train/1179.pickle,,,,
1180,M:/train/1180.pickle,,,,
1181,M:/train/1181.pickle,,,,
1182,M:/train/1182.pickle,,,,
1183,M:/train/1183.pickle,,,,
1184,M:/train/1184.pickle,,,,
1185,M:/train/1185.pickle,,,,
1186,M:/train/1186.pickle,,,,
1187,M:/train/1187.pickle,,,,
1188,M:/train/1188.pickle,,,,
1189,M:/train/1189.pickle,,,,
1190,M:/train/1190.pickle,,,,
1191,M:/train/1191.pickle,,,,
1192,M:/train/1192.pickle,,,,
1193,M:/train/1193.pickle,,,,
1194,M:/train/1194.pickle,,,,
1195,M:/train/1195.pickle,,,,
1196,M:/train/1196.pickle,,,,
1197,M:/train/1197.pickle,,,,
1198,M:/train/1198.pickle,,,,
1199,M:/train/1199.pickle,,,,
1200,M:/train/1200.pickle,,,,
1201,M:/train/1201.pickle,,,,
1202,M:/train/1202.pickle,,,,
1203,M:/train/1203.pickle,,,,
1204,M:/train/1204.pickle,,,,
1205,M:/train/1205.pickle,,,,
1206,M:/train/1206.pickle,,,,
1207,M:/train/1207.pickle,,,,
1208,M:/train/1208.pickle,,,,
1209,M:/train/1209.pickle,,,,
1210,M:/train/1210.pickle,,,,
1211,M:/train/1211.pickle,,,,
1212,M:/train/1212.pickle,,,,
1213,M:/train/1213.pickle,,,,
1214,M:/train/1214.pickle,,,,
1215,M:/train/1215.pickle,,,,
1216,M:/train/1216.pickle,,,,
1217,M:/train/1217.pickle,,,,
1218,M:/train/1218.pickle,,,,
1219,M:/train/1219.pickle,,,,
1220,M:/train/1220.pickle,,,,
1221,M:/train/1221.pickle,,,,
1222,M:/train/1222.pickle,,,,
1223,M:/train/1223.pickle,,,,
1224,M:/train/1224.pickle,,,,
1225,M:/train/1225.pickle,,,,
1226,M:/train/1226.pickle,,,,
1227,M:/train/1227.pickle,,,,
1228,M:/train/1228.pickle,,,,
1229,M:/train/1229.pickle,,,,
1230,M:/train/1230.pickle,,,,
1231,M:/train/1231.pickle,,,,
1232,M:/train/1232.pickle,,,,
1233,M:/train/1233.pickle,,,,
1234,M:/train/1234.pickle,,,,
1235,M:/train/1235.pickle,,,,
1236,M:/train/1236.pickle,,,,
1237,M:/train/1237.pickle,,,,
1238,M:/train/1238.pickle,,,,
1239,M:/train/1239.pickle,,,,
1240,M:/train/1240.pickle,,,,
1241,M:/train/1241.pickle,,,,
1242,M:/train/1242.pickle,,,,
1243,M:/train/1243.pickle,,,,
1244,M:/train/1244.pickle,,,,
1245,M:/train/1245.pickle,,,,
1246,M:/train/1246.pickle,,,,
1247,M:/train/1247.pickle,,,,
1248,M:/train/1248.pickle,,,,
1249,M:/train/1249.pickle,,,,
1250,M:/train/1250.pickle,,,,
1251,M:/train/1251.pickle,,,,
1252,M:/train/1252.pickle,,,,
1253,M:/train/1253.pickle,,,,
1254,M:/train/1254.pickle,,,,
1255,M:/train/1255.pickle,,,,
1256,M:/train/1256.pickle,,,,
1257,M:/train/1257.pickle,,,,
1258,M:/train/1258.pickle,,,,
1259,M:/train/1259.pickle,,,,
1260,M:/train/1260.pickle,,,,
1261,M:/train/1261.pickle,,,,
1262,M:/train/1262.pickle,,,,
1263,M:/train/1263.pickle,,,,
1264,M:/train/1264.pickle,,,,
1265,M:/train/1265.pickle,,,,
1266,M:/train/1266.pickle,,,,
1267,M:/train/1267.pickle,,,,
1268,M:/train/1268.pickle,,,,
1269,M:/train/1269.pickle,,,,
1270,M:/train/1270.pickle,,,,
1271,M:/train/1271.pickle,,,,
1272,M:/train/1272.pickle,,,,
1273,M:/train/1273.pickle,,,,
1274,M:/train/1274.pickle,,,,
1275,M:/train/1275.pickle,,,,
1276,M:/train/1276.pickle,,,,
1277,M:/train/1277.pickle,,,,
1278,M:/train/1278.pickle,,,,
1279,M:/train/1279.pickle,,,,
1280,M:/train/1280.pickle,,,,
1281,M:/train/1281.pickle,,,,
1282,M:/train/1282.pickle,,,,
1283,M:/train/1283.pickle,,,,
1284,M:/train/1284.pickle,,,,
1285,M:/train/1285.pickle,,,,
1286,M:/train/1286.pickle,,,,
1287,M:/train/1287.pickle,,,,
1288,M:/train/1288.pickle,,,,
1289,M:/train/1289.pickle,,,,
1290,M:/train/1290.pickle,,,,
1291,M:/train/1291.pickle,,,,
1292,M:/train/1292.pickle,,,,
1293,M:/train/1293.pickle,,,,
1294,M:/train/1294.pickle,,,,
1295,M:/train/1295.pickle,,,,
1296,M:/train/1296.pickle,,,,
1297,M:/train/1297.pickle,,,,
1298,M:/train/1298.pickle,,,,
1299,M:/train/1299.pickle,,,,
1300,M:/train/1300.pickle,,,,
1301,M:/train/1301.pickle,,,,
1302,M:/train/1302.pickle,,,,
1303,M:/train/1303.pickle,,,,
1304,M:/train/1304.pickle,,,,
1305,M:/train/1305.pickle,,,,
1306,M:/train/1306.pickle,,,,
1307,M:/train/1307.pickle,,,,
1308,M:/train/1308.pickle,,,,
1309,M:/train/1309.pickle,,,,
1310,M:/train/1310.pickle,,,,
1311,M:/train/1311.pickle,,,,
1312,M:/train/1312.pickle,,,,
1313,M:/train/1313.pickle,,,,
1314,M:/train/1314.pickle,,,,
1315,M:/train/1315.pickle,,,,
1316,M:/train/1316.pickle,,,,
1317,M:/train/1317.pickle,,,,
1318,M:/train/1318.pickle,,,,
1319,M:/train/1319.pickle,,,,
1320,M:/train/1320.pickle,,,,
1321,M:/train/1321.pickle,,,,
1322,M:/train/1322.pickle,,,,
1323,M:/train/1323.pickle,,,,
1324,M:/train/1324.pickle,,,,
1325,M:/train/1325.pickle,,,,
1326,M:/train/1326.pickle,,,,
1327,M:/train/1327.pickle,,,,
1328,M:/train/1328.pickle,,,,
1329,M:/train/1329.pickle,,,,
1330,M:/train/1330.pickle,,,,
1331,M:/train/1331.pickle,,,,
1332,M:/train/1332.pickle,,,,
1333,M:/train/1333.pickle,,,,
1334,M:/train/1334.pickle,,,,
1335,M:/train/1335.pickle,,,,
1336,M:/train/1336.pickle,,,,
1337,M:/train/1337.pickle,,,,
1338,M:/train/1338.pickle,,,,
1339,M:/train/1339.pickle,,,,
1340,M:/train/1340.pickle,,,,
1341,M:/train/1341.pickle,,,,
1342,M:/train/1342.pickle,,,,
1343,M:/train/1343.pickle,,,,
1344,M:/train/1344.pickle,,,,
1345,M:/train/1345.pickle,,,,
1346,M:/train/1346.pickle,,,,
1347,M:/train/1347.pickle,,,,
1348,M:/train/1348.pickle,,,,
1349,M:/train/1349.pickle,,,,
1350,M:/train/1350.pickle,,,,
1351,M:/train/1351.pickle,,,,
1352,M:/train/1352.pickle,,,,
1353,M:/train/1353.pickle,,,,
1354,M:/train/1354.pickle,,,,
1355,M:/train/1355.pickle,,,,
1356,M:/train/1356.pickle,,,,
1357,M:/train/1357.pickle,,,,
1358,M:/train/1358.pickle,,,,
1359,M:/train/1359.pickle,,,,
1360,M:/train/1360.pickle,,,,
1361,M:/train/1361.pickle,,,,
1362,M:/train/1362.pickle,,,,
1363,M:/train/1363.pickle,,,,
1364,M:/train/1364.pickle,,,,
1365,M:/train/1365.pickle,,,,
1366,M:/train/1366.pickle,,,,
1367,M:/train/1367.pickle,,,,
1368,M:/train/1368.pickle,,,,
1369,M:/train/1369.pickle,,,,
1370,M:/train/1370.pickle,,,,
1371,M:/train/1371.pickle,,,,
1372,M:/train/1372.pickle,,,,
1373,M:/train/1373.pickle,,,,
1374,M:/train/1374.pickle,,,,
1375,M:/train/1375.pickle,,,,
1376,M:/train/1376.pickle,,,,
1377,M:/train/1377.pickle,,,,
1378,M:/train/1378.pickle,,,,
1379,M:/train/1379.pickle,,,,
1380,M:/train/1380.pickle,,,,
1381,M:/train/1381.pickle,,,,
1382,M:/train/1382.pickle,,,,
1383,M:/train/1383.pickle,,,,
1384,M:/train/1384.pickle,,,,
1385,M:/train/1385.pickle,,,,
1386,M:/train/1386.pickle,,,,
1387,M:/train/1387.pickle,,,,
1388,M:/train/1388.pickle,,,,
1389,M:/train/1389.pickle,,,,
1390,M:/train/1390.pickle,,,,
1391,M:/train/1391.pickle,,,,
1392,M:/train/1392.pickle,,,,
1393,M:/train/1393.pickle,,,,
1394,M:/train/1394.pickle,,,,
1395,M:/train/1395.pickle,,,,
1396,M:/train/1396.pickle,,,,
1397,M:/train/1397.pickle,,,,
1398,M:/train/1398.pickle,,,,
1399,M:/train/1399.pickle,,,,
1400,M:/train/1400.pickle,,,,
1401,M:/train/1401.pickle,,,,
1402,M:/train/1402.pickle,,,,
1403,M:/train/1403.pickle,,,,
1404,M:/train/1404.pickle,,,,
1405,M:/train/1405.pickle,,,,
1406,M:/train/1406.pickle,,,,
1407,M:/train/1407.pickle,,,,
1408,M:/train/1408.pickle,,,,
1409,M:/train/1409.pickle,,,,
1410,M:/train/1410.pickle,,,,
1411,M:/train/1411.pickle,,,,
1412,M:/train/1412.pickle,,,,
1413,M:/train/1413.pickle,,,,
1414,M:/train/1414.pickle,,,,
1415,M:/train/1415.pickle,,,,
1416,M:/train/1416.pickle,,,,
1417,M:/train/1417.pickle,,,,
1418,M:/train/1418.pickle,,,,
1419,M:/train/1419.pickle,,,,
1420,M:/train/1420.pickle,,,,
1421,M:/train/1421.pickle,,,,
1422,M:/train/1422.pickle,,,,
1423,M:/train/1423.pickle,,,,
1424,M:/train/1424.pickle,,,,
1425,M:/train/1425.pickle,,,,
1426,M:/train/1426.pickle,,,,
1427,M:/train/1427.pickle,,,,
1428,M:/train/1428.pickle,,,,
1429,M:/train/1429.pickle,,,,
1430,M:/train/1430.pickle,,,,
1431,M:/train/1431.pickle,,,,
1432,M:/train/1432.pickle,,,,
1433,M:/train/1433.pickle,,,,
1434,M:/train/1434.pickle,,,,
1435,M:/train/1435.pickle,,,,
1436,M:/train/1436.pickle,,,,
1437,M:/train/1437.pickle,,,,
1438,M:/train/1438.pickle,,,,
1439,M:/train/1439.pickle,,,,
1440,M:/train/1440.pickle,,,,
1441,M:/train/1441.pickle,,,,
1442,M:/train/1442.pickle,,,,
1443,M:/train/1443.pickle,,,,
1444,M:/train/1444.pickle,,,,
1445,M:/train/1445.pickle,,,,
1446,M:/train/1446.pickle,,,,
1447,M:/train/1447.pickle,,,,
1448,M:/train/1448.pickle,,,,
1449,M:/train/1449.pickle,,,,
1450,M:/train/1450.pickle,,,,
1451,M:/train/1451.pickle,,,,
1452,M:/train/1452.pickle,,,,
1453,M:/train/1453.pickle,,,,
1454,M:/train/1454.pickle,,,,
1455,M:/train/1455.pickle,,,,
1456,M:/train/1456.pickle,,,,
1457,M:/train/1457.pickle,,,,
1458,M:/train/1458.pickle,,,,
1459,M:/train/1459.pickle,,,,
1460,M:/train/1460.pickle,,,,
1461,M:/train/1461.pickle,,,,
1462,M:/train/1462.pickle,,,,
1463,M:/train/1463.pickle,,,,
1464,M:/train/1464.pickle,,,,
1465,M:/train/1465.pickle,,,,
1466,M:/train/1466.pickle,,,,
1467,M:/train/1467.pickle,,,,
1468,M:/train/1468.pickle,,,,
1469,M:/train/1469.pickle,,,,
1470,M:/train/1470.pickle,,,,
1471,M:/train/1471.pickle,,,,
1472,M:/train/1472.pickle,,,,
1473,M:/train/1473.pickle,,,,
1474,M:/train/1474.pickle,,,,
1475,M:/train/1475.pickle,,,,
1476,M:/train/1476.pickle,,,,
1477,M:/train/1477.pickle,,,,
1478,M:/train/1478.pickle,,,,
1479,M:/train/1479.pickle,,,,
1480,M:/train/1480.pickle,,,,
1481,M:/train/1481.pickle,,,,
1482,M:/train/1482.pickle,,,,
1483,M:/train/1483.pickle,,,,
1484,M:/train/1484.pickle,,,,
1485,M:/train/1485.pickle,,,,
1486,M:/train/1486.pickle,,,,
1487,M:/train/1487.pickle,,,,
1488,M:/train/1488.pickle,,,,
1489,M:/train/1489.pickle,,,,
1490,M:/train/1490.pickle,,,,
1491,M:/train/1491.pickle,,,,
1492,M:/train/1492.pickle,,,,
1493,M:/train/1493.pickle,,,,
1494,M:/train/1494.pickle,,,,
1495,M:/train/1495.pickle,,,,
1496,M:/train/1496.pickle,,,,
1497,M:/train/1497.pickle,,,,
1498,M:/train/1498.pickle,,,,
1499,M:/train/1499.pickle,,,,
1500,M:/train/1500.pickle,,,,
1501,M:/train/1501.pickle,,,,
1502,M:/train/1502.pickle,,,,
1503,M:/train/1503.pickle,,,,
1504,M:/train/1504.pickle,,,,
1505,M:/train/1505.pickle,,,,
1506,M:/train/1506.pickle,,,,
1507,M:/train/1507.pickle,,,,
1508,M:/train/1508.pickle,,,,
1509,M:/train/1509.pickle,,,,
1510,M:/train/1510.pickle,,,,
1511,M:/train/1511.pickle,,,,
1512,M:/train/1512.pickle,,,,
1513,M:/train/1513.pickle,,,,
1514,M:/train/1514.pickle,,,,
1515,M:/train/1515.pickle,,,,
1516,M:/train/1516.pickle,,,,
1517,M:/train/1517.pickle,,,,
1518,M:/train/1518.pickle,,,,
1519,M:/train/1519.pickle,,,,
1520,M:/train/1520.pickle,,,,
1521,M:/train/1521.pickle,,,,
1522,M:/train/1522.pickle,,,,
1523,M:/train/1523.pickle,,,,
1524,M:/train/1524.pickle,,,,
1525,M:/train/1525.pickle,,,,
1526,M:/train/1526.pickle,,,,
1527,M:/train/1527.pickle,,,,
1528,M:/train/1528.pickle,,,,
1529,M:/train/1529.pickle,,,,
1530,M:/train/1530.pickle,,,,
1531,M:/train/1531.pickle,,,,
1532,M:/train/1532.pickle,,,,
1533,M:/train/1533.pickle,,,,
1534,M:/train/1534.pickle,,,,
1535,M:/train/1535.pickle,,,,
1536,M:/train/1536.pickle,,,,
1537,M:/train/1537.pickle,,,,
1538,M:/train/1538.pickle,,,,
1539,M:/train/1539.pickle,,,,
1540,M:/train/1540.pickle,,,,
1541,M:/train/1541.pickle,,,,
1542,M:/train/1542.pickle,,,,
1543,M:/train/1543.pickle,,,,
1544,M:/train/1544.pickle,,,,
1545,M:/train/1545.pickle,,,,
1546,M:/train/1546.pickle,,,,
1547,M:/train/1547.pickle,,,,
1548,M:/train/1548.pickle,,,,
1549,M:/train/1549.pickle,,,,
1550,M:/train/1550.pickle,,,,
1551,M:/train/1551.pickle,,,,
1552,M:/train/1552.pickle,,,,
1553,M:/train/1553.pickle,,,,
1554,M:/train/1554.pickle,,,,
1555,M:/train/1555.pickle,,,,
1556,M:/train/1556.pickle,,,,
1557,M:/train/1557.pickle,,,,
1558,M:/train/1558.pickle,,,,
1559,M:/train/1559.pickle,,,,
1560,M:/train/1560.pickle,,,,
1561,M:/train/1561.pickle,,,,
1562,M:/train/1562.pickle,,,,
1563,M:/train/1563.pickle,,,,
1564,M:/train/1564.pickle,,,,
1565,M:/train/1565.pickle,,,,
1566,M:/train/1566.pickle,,,,
1567,M:/train/1567.pickle,,,,
1568,M:/train/1568.pickle,,,,
1569,M:/train/1569.pickle,,,,
1570,M:/train/1570.pickle,,,,
1571,M:/train/1571.pickle,,,,
1572,M:/train/1572.pickle,,,,
1573,M:/train/1573.pickle,,,,
1574,M:/train/1574.pickle,,,,
1575,M:/train/1575.pickle,,,,
1576,M:/train/1576.pickle,,,,
1577,M:/train/1577.pickle,,,,
1578,M:/train/1578.pickle,,,,
1579,M:/train/1579.pickle,,,,
1580,M:/train/1580.pickle,,,,
1581,M:/train/1581.pickle,,,,
1582,M:/train/1582.pickle,,,,
1583,M:/train/1583.pickle,,,,
1584,M:/train/1584.pickle,,,,
1585,M:/train/1585.pickle,,,,
1586,M:/train/1586.pickle,,,,
